{
    "metrics": {
        "data_received": {
            "count": 5873,
            "rate": 3740.5326826419105
        },
        "data_sent": {
            "count": 570,
            "rate": 363.0348423473334
        },
        "http_req_blocked": {
            "avg": 527.336486,
            "max": 527.336486,
            "med": 527.336486,
            "min": 527.336486,
            "p(90)": 527.336486,
            "p(95)": 527.336486
        },
        "http_req_connecting": {
            "avg": 8.025213,
            "max": 8.025213,
            "med": 8.025213,
            "min": 8.025213,
            "p(90)": 8.025213,
            "p(95)": 8.025213
        },
        "http_req_duration": {
            "avg": 13.439084,
            "max": 13.439084,
            "med": 13.439084,
            "min": 13.439084,
            "p(90)": 13.439084,
            "p(95)": 13.439084
        },
        "http_req_receiving": {
            "avg": 2.536496,
            "max": 2.536496,
            "med": 2.536496,
            "min": 2.536496,
            "p(90)": 2.536496,
            "p(95)": 2.536496
        },
        "http_req_sending": {
            "avg": 0.256212,
            "max": 0.256212,
            "med": 0.256212,
            "min": 0.256212,
            "p(90)": 0.256212,
            "p(95)": 0.256212
        },
        "http_req_tls_handshaking": {
            "avg": 507.844513,
            "max": 507.844513,
            "med": 507.844513,
            "min": 507.844513,
            "p(90)": 507.844513,
            "p(95)": 507.844513
        },
        "http_req_waiting": {
            "avg": 10.646376,
            "max": 10.646376,
            "med": 10.646376,
            "min": 10.646376,
            "p(90)": 10.646376,
            "p(95)": 10.646376
        },
        "http_reqs": {
            "count": 1,
            "rate": 0.6369032321883042
        },
        "iteration_duration": {
            "avg": 1570.3464,
            "max": 1570.3464,
            "med": 1570.3464,
            "min": 1570.3464,
            "p(90)": 1570.3464,
            "p(95)": 1570.3464
        },
        "iterations": {
            "count": 1,
            "rate": 0.6369032321883042
        },
        "vus": {
            "max": 5,
            "min": 5,
            "value": 5
        },
        "vus_max": {
            "max": 5,
            "min": 5,
            "value": 5
        }
    },
    "root_group": {
        "name": "",
        "path": "",
        "id": "d41d8cd98f00b204e9800998ecf8427e",
        "groups": {},
        "checks": {}
    }
}
